h,h_label,r,t,t_label,tau_start,l_h_lat,l_h_lon,l_t_lat,l_t_lon
Q32272464,Thương cảng Vân Đồn,locatedIn,Q33396,Quảng Ninh,,20.887357,107.502926,21.25,107.33333333333
Q10825861,Tháp nước Phan Thiết,locatedIn,Q25315,Phan Thiết,,10.928794,108.100018,10.9375,108.15833333333
Q10796617,Mộ Trạch,locatedIn,Q10830530,Tân Hồng,,,,20.873888888889,106.17138888889
